{
    "days": 36, 
    "pnl": 9133.599997668498, 
    "max_pnl": 25908.599999868864, 
    "min_pnl": -20320.60000025053, 
    "avg_pnl": 253.71111104634716, 
    "median_pnl": -175.40000000057626, 
    "std_pnl": 8757.781425470517, 
    "sharpe": 0.45988119963598884, 
    "sharpe_median": -0.32204564472548214, 
    "sortino": 0.6500902058088729, 
    "sortino_median": -0.41878573487993875, 
    "calmar": 0.006409597833485316, 
    "max_drawdown": -39583.000000545726, 
    "positive_days": 17, 
    "negative_days": 18, 
    "zero_days": 1,
    "average_daily_holding_time": 1584.977754579874, 
    "median_daily_holding_time": 1428.5697600859598, 
    "avg_daily_score": 74.23106856625172, 
    "avg_daily_turnover": 942.9722222222222, 
    "sum_turnover": 33947, 
    "sum_market_volume": 4513207, 
    "avg_daily_market_volume": 125366.86111111111, 
    "market_share": 0.8610233159823779, 
    "stoplosses": 0, 
    "total_trading_cycles": 515, 
    "daily_trading_cycles": 14.305555555555555, 
    "confidence_interval": 2860.875265653702, 
    "slope": 150.2902960111161, 
    "fitting_error": 8492.978431514726, 
    "intraday_mean_pnl_slope": 2.0, 
    "intraday_mean_pnl_fe": 2749.6944444444443, 
    "num_penalized": 4
}